id,contact_id,product_id,kajabi_subscription_id,status,amount,currency,billing_cycle,start_date,trial_end_date,cancellation_date,next_billing_date,payment_processor,coupon_code,created_at,updated_at
c22a1dfc-dcb3-4e02-8fc4-89ab18fa5276,3feef3e3-8f89-44cf-9311-2bbb39e4d3ef,,35285761,canceled,$242.00,USD,Year,,,,,PayPal,,2025-10-28T21:51:21Z,2025-10-28T21:51:21Z
aa51e987-7d7f-40f4-b620-bdd8b1bb5841,dfa0b190-2fb2-410a-9364-8d10b0277500,,35289382,canceled,$968.00,USD,Year,,,,,PayPal,,2025-10-28T21:51:21Z,2025-10-28T21:51:21Z
d0bc233f-5de7-4b90-ab94-0350c00ba23e,2b23ce1f-fd53-453a-85ac-02b81bce7215,,35499064,active,$242.00,USD,Year,,,,,PayPal,,2025-10-28T21:51:21Z,2025-10-28T21:51:21Z
cfb84f8a-a954-4add-a032-3330515b4181,10febf51-c6d0-42f3-bfaa-4d9f7596803a,,35814795,canceled,$242.00,USD,Year,,,,,PayPal,,2025-10-28T21:51:21Z,2025-10-28T21:51:21Z
0b987166-d8cf-4d91-a804-f067f05d2b00,0927e405-587d-481e-8589-95e79dbdd3c0,,35837493,canceled,$242.00,USD,Year,,,,,PayPal,,2025-10-28T21:51:21Z,2025-10-28T21:51:21Z
c2494cbd-38c2-4a6e-bebe-00133fcc940d,bd5cf844-375b-4045-afd5-fab60d39b94d,,36047725,canceled,$44.00,USD,Month,,,,,PayPal,,2025-10-28T21:51:21Z,2025-10-28T21:51:21Z
dea95a75-db38-418e-8355-f26991c4fb94,53bff3a8-2ce1-44ce-8323-b132ba05d410,,36052465,canceled,$968.00,USD,Year,,,,,PayPal,,2025-10-28T21:51:21Z,2025-10-28T21:51:21Z
65b4cf98-de8a-4cd5-96d4-37a65a342ac5,9762adf7-40f3-40ac-914a-163254f857eb,,36511053,canceled,$22.00,USD,Month,,,,,PayPal,,2025-10-28T21:51:21Z,2025-10-28T21:51:21Z
f6f16391-b8aa-4715-8e5d-8b11124a2731,94f9c9f5-68b1-429e-a567-f3238030ae85,,36574186,active,$22.00,USD,Month,,,,,PayPal,,2025-10-28T21:51:21Z,2025-10-28T21:51:21Z
9cf63d3c-8b17-4eb2-9cc6-90b4f37f8ca4,a30d8747-274f-4884-85fa-a70ca314861b,,37080647,active,$242.00,USD,Year,,,,,PayPal,,2025-10-28T21:51:21Z,2025-10-28T21:51:21Z
c4029350-c442-48e8-be32-1bbd584cda46,1e058181-f5c0-4275-896b-aa38d45f8ed5,,37097769,canceled,$242.00,USD,Year,,,,,PayPal,,2025-10-28T21:51:21Z,2025-10-28T21:51:21Z
ae5ce8db-16dd-4103-b5ca-599bf68bd28b,94f9c9f5-68b1-429e-a567-f3238030ae85,,37151894,active,$242.00,USD,Year,,,,,PayPal,,2025-10-28T21:51:21Z,2025-10-28T21:51:21Z
aff8b7a5-491b-4844-a197-b3a5bc75e798,806a4098-033e-45e4-9585-186a16202663,,37322792,canceled,$22.00,USD,Month,,,,,PayPal,,2025-10-28T21:51:21Z,2025-10-28T21:51:21Z
18eccf03-ba9d-4af9-aa79-6c77d3187e06,c0e169ab-5493-4819-9615-5aa1ae63f71c,,37577768,canceled,$242.00,USD,Year,,,,,PayPal,,2025-10-28T21:51:21Z,2025-10-28T21:51:21Z
457361f7-327b-4ef7-b36d-de10cb3e96d3,b3779a5b-c6c8-4fa8-890f-703ee79216d5,,37951313,canceled,$22.00,USD,Month,,,,,PayPal,,2025-10-28T21:51:21Z,2025-10-28T21:51:21Z
0687ab59-8086-4788-b2e5-50b78bf48e2d,bab1c687-e72f-4667-943d-d84590abbeac,,38754746,canceled,$22.00,USD,Month,,,,,PayPal,,2025-10-28T21:51:21Z,2025-10-28T21:51:21Z
457f571e-d22c-4bfe-a1b9-d57eba4dbfe1,f91ee2c3-e2e1-4c63-8644-6eb8c0138094,,40127182,canceled,$22.00,USD,Month,,,,,PayPal,,2025-10-28T21:51:21Z,2025-10-28T21:51:21Z
a89300e7-5e07-49fa-afe5-e85d759d979f,96445174-aca7-4e40-9470-fbfba9a3c667,,40382673,canceled,$22.00,USD,Month,,,,,PayPal,,2025-10-28T21:51:21Z,2025-10-28T21:51:21Z
86eea845-95eb-4008-94b9-7bedebeecc87,b05b7bab-0355-4393-b47e-cf73bfd3a6ab,,40534822,active,$44.00,USD,Month,,,,,PayPal,,2025-10-28T21:51:21Z,2025-10-28T21:51:21Z
42087a5c-de14-4c21-9d06-8a29cd758cf0,770d3340-4426-4a12-83d4-42ec8a60b9c0,,40614378,active,$242.00,USD,Year,,,,,PayPal,,2025-10-28T21:51:21Z,2025-10-28T21:51:21Z
ec419107-a99c-40e8-9094-fa3b4bf325dc,c5776563-4682-4616-a29a-5470ac7bfbe6,,2148321940,active,$968.00,USD,Year,,,,,PayPal,,2025-10-28T21:51:21Z,2025-10-28T21:51:21Z
0442e5a8-93a2-4c9f-befb-e1ee90bb3e9c,6a34befa-7afc-432f-a352-a473000415a6,,2148331249,canceled,$44.00,USD,Month,,,,,PayPal,,2025-10-28T21:51:21Z,2025-10-28T21:51:21Z
2e6bee47-fad8-453b-96cd-672e13e5d9d5,b8d0e025-9b61-487b-bb9f-24b27f5e6a5c,,2148403790,active,$22.00,USD,Month,,,,,PayPal,,2025-10-28T21:51:21Z,2025-10-28T21:51:21Z
17b1acb7-9f99-494c-b01b-a2fc16c8176d,c34a1db2-755a-49ba-8baf-565cc3ee91bb,,2148602253,canceled,$22.00,USD,Month,,,,,PayPal,,2025-10-28T21:51:21Z,2025-10-28T21:51:21Z
759be0ee-6a19-491d-8ce0-643893bf9895,025aed9f-e8b0-473e-91fd-b354cd2be6d5,,2149373637,canceled,$22.00,USD,Month,,,,,PayPal,,2025-10-28T21:51:21Z,2025-10-28T21:51:21Z
94e761ea-7789-4477-8d6c-e29ec7b5b894,7425dbd3-a732-42c2-8ed6-db135e5557a7,,2151063448,canceled,$22.00,USD,Month,,,,,PayPal,,2025-10-28T21:51:21Z,2025-10-28T21:51:21Z
7dd147ab-eb23-4c9a-94a8-0fadf8165b8b,aa0c35c5-9bc8-4db3-9f9c-e19e92d70be6,,2151620983,canceled,$22.00,USD,Month,,,,,PayPal,,2025-10-28T21:51:21Z,2025-10-28T21:51:21Z
c17a1381-f805-413a-b485-a7a1441ea3e7,653d89b3-fb4a-4295-8707-e873ff1e69e3,,2151735604,canceled,$22.00,USD,Month,,,,,PayPal,,2025-10-28T21:51:21Z,2025-10-28T21:51:21Z
93ab0a9e-a66f-4c19-a8b7-4d7037512c90,dc76ccad-8648-4c4f-98bf-e3aa9fb5121a,,2151873070,canceled,$22.00,USD,Month,,,,,PayPal,,2025-10-28T21:51:21Z,2025-10-28T21:51:21Z
5028bc49-9e1d-4ddb-8d6f-253a72ce17bb,f8a1e22a-3c63-481c-abfb-97ebfa84e88e,,2151914810,canceled,$22.00,USD,Month,,,,,PayPal,,2025-10-28T21:51:21Z,2025-10-28T21:51:21Z
f4a30a7a-8e59-461f-8723-3a98cb6b38aa,c3e45cc2-1ba5-456b-b55f-792596f028ed,,2152314354,canceled,$242.00,USD,Year,,,,,PayPal,,2025-10-28T21:51:21Z,2025-10-28T21:51:21Z
7486c1d8-2827-45db-8e26-3d5bb0c8b3a7,a6d4d6a6-dafb-4de6-ab34-7c121cdbe7c3,,2153302012,canceled,$22.00,USD,Month,,,,,PayPal,,2025-10-28T21:51:21Z,2025-10-28T21:51:21Z
affa12c3-db36-4d60-9993-6eb0219fd9f7,964e0cb7-1fef-44d1-b081-42094a9b2b08,,2153348548,canceled,$22.00,USD,Month,,,,,PayPal,,2025-10-28T21:51:21Z,2025-10-28T21:51:21Z
eda31833-8e83-44fb-bf7b-50baa366ec7f,b1fa870b-0aba-4534-ad57-1c041ded8447,,2153420908,active,$22.00,USD,Month,,,,,PayPal,,2025-10-28T21:51:21Z,2025-10-28T21:51:21Z
5cc8e828-43a0-4699-abe8-f256368a9610,1eb3f32a-d62b-4954-8e13-5b40d9142a66,,2153782157,canceled,$22.00,USD,Month,,,,,PayPal,,2025-10-28T21:51:21Z,2025-10-28T21:51:21Z
4aefe79c-883b-413c-95fc-d196886a58d4,ee1934e4-ab00-4397-896e-807add777b93,,2153954105,canceled,$22.00,USD,Month,,,,,PayPal,,2025-10-28T21:51:21Z,2025-10-28T21:51:21Z
8ca53241-22c2-4bac-9975-acf7befdc084,185218ac-e0f2-4e9a-9414-d262d933f235,,2154179538,canceled,$242.00,USD,Year,,,,,PayPal,,2025-10-28T21:51:21Z,2025-10-28T21:51:21Z
2288ec71-8f18-41a9-9d9b-47ace0263381,aa873678-bcc5-4416-a59e-238a07fddb30,,2154473041,canceled,$242.00,USD,Year,,,,,PayPal,,2025-10-28T21:51:21Z,2025-10-28T21:51:21Z
c90d2185-d875-443e-9593-46393055a1c0,5c42234b-e00a-4080-a7ff-5529557d7130,,2154640860,canceled,$22.00,USD,Month,,,,,PayPal,,2025-10-28T21:51:21Z,2025-10-28T21:51:21Z
cf9ad660-b76b-4d02-aaad-049b77bd1b18,8aa79227-2021-4608-a7ad-45b1caae16f8,,2155461811,active,$242.00,USD,Year,,,,,PayPal,,2025-10-28T21:51:21Z,2025-10-28T21:51:21Z
5e150a71-4ffa-4d9d-bee2-7a93543f631c,5c55c503-8d58-45b8-8ac3-a6ce0d76e8a3,,2156098125,active,$22.00,USD,Month,,,,,PayPal,,2025-10-28T21:51:21Z,2025-10-28T21:51:21Z
e6e9bc13-1aac-48ff-92dd-d84056db3d6e,a6d0f1e0-376e-4245-9415-23bfbe9326ed,,2157187410,canceled,$22.00,USD,Month,,,,,PayPal,,2025-10-28T21:51:21Z,2025-10-28T21:51:21Z
19a9f320-4107-4766-beb0-2cf273e28970,905cbca7-5c23-4b1e-ba1d-8aa3698f63c3,,2158233622,canceled,$22.00,USD,Month,,,,,PayPal,,2025-10-28T21:51:21Z,2025-10-28T21:51:21Z
c048870e-cef4-46a8-9c77-02121d5cc8f5,fcb436d0-e29e-47d8-a637-4f2888569a52,,2158457211,canceled,$22.00,USD,Month,,,,,PayPal,,2025-10-28T21:51:21Z,2025-10-28T21:51:21Z
bf92b0c8-3e24-42d9-92cb-396f6545db02,bfcda717-9a64-45c9-9dfa-7949a35c1169,,2158713644,canceled,$88.00,USD,Month,,,,,PayPal,,2025-10-28T21:51:21Z,2025-10-28T21:51:21Z
9049d194-f211-4d5b-90cd-034b0cbcf400,df732153-7579-436e-9bb3-b0992aa6c100,,2159054862,active,$88.00,USD,Month,,,,,PayPal,,2025-10-28T21:51:21Z,2025-10-28T21:51:21Z
1aaff30a-6d8d-4c73-a624-11657933804d,377d6969-b3f6-4593-aaad-53a644514e10,,2159443696,canceled,$22.00,USD,Month,,,,,PayPal,,2025-10-28T21:51:21Z,2025-10-28T21:51:21Z
9b9429fb-ca88-418b-9f05-b3db4a843fae,f1f3b1c8-28b3-45e1-946f-6cfa1ec2036e,,2159502207,canceled,$22.00,USD,Month,,,,,PayPal,,2025-10-28T21:51:21Z,2025-10-28T21:51:21Z
b0d8c027-bfb4-4e93-8989-b68147dcf26e,a649db1b-0e92-467e-811e-39d032d6f09f,,2160674193,active,$22.00,USD,Month,,,,,PayPal,,2025-10-28T21:51:21Z,2025-10-28T21:51:21Z
1b4e27f2-c96d-4b38-b70a-4a5c2710cfb5,69e9ccb7-85cd-41dc-ae15-7b0fe72d2299,,2160850823,canceled,$22.00,USD,Month,,,,,PayPal,,2025-10-28T21:51:21Z,2025-10-28T21:51:21Z
3ca7df4c-988c-4b98-923f-d126b596874e,7373f3dd-1297-43db-9111-c60d55d3abae,,2161777423,canceled,$22.00,USD,Month,,,,,PayPal,,2025-10-28T21:51:21Z,2025-10-28T21:51:21Z
254048eb-ffce-4d25-b655-d8128e455690,d396f6ff-8159-43c6-bbab-f68db202873c,,2162874815,canceled,$22.00,USD,Month,,,,,PayPal,,2025-10-28T21:51:21Z,2025-10-28T21:51:21Z
9f27c99b-ec81-416e-a37e-2e9a1a8a367c,2e2f5706-2269-49ce-aac8-6a5d1eafeb9a,,2163083236,canceled,$44.00,USD,Month,,,,,PayPal,,2025-10-28T21:51:21Z,2025-10-28T21:51:21Z
e5ba448a-165b-43e6-a852-fe6e81e6717b,b2e18fe1-8cf9-498e-a787-ee5b3cb5adbc,,2163267569,canceled,$968.00,USD,Year,,,,,PayPal,,2025-10-28T21:51:21Z,2025-10-28T21:51:21Z
a74190a3-f9ce-45f6-ab73-8bf44215dc53,31541373-bcc9-4194-9654-cae610607d79,,2163673948,canceled,$22.00,USD,Month,,,,,PayPal,,2025-10-28T21:51:21Z,2025-10-28T21:51:21Z
f24131b3-513d-4f4a-8688-7058c587b38a,7739964b-c14a-49d8-bc81-c4d04bbb8f86,,2163848977,active,$242.00,USD,Year,,,,,PayPal,,2025-10-28T21:51:21Z,2025-10-28T21:51:21Z
d2277097-ed66-4d4d-bf11-c85cab38cac4,0ec47f48-25bd-4824-baea-2d4878e4326b,,2163854261,active,$242.00,USD,Year,,,,,PayPal,,2025-10-28T21:51:21Z,2025-10-28T21:51:21Z
3624d3a4-b5bd-4f78-9f9c-adc0384e17a7,cc4256c3-7f6d-49f0-8843-d02ee166a61f,,2164374980,canceled,$242.00,USD,Year,,,,,PayPal,,2025-10-28T21:51:21Z,2025-10-28T21:51:21Z
2439eb00-c7fb-40a4-9440-b91a905008cf,c3815ccb-54f6-4d5f-9f65-9ddb1d7626eb,,2164557283,active,$22.00,USD,Month,,,,,PayPal,,2025-10-28T21:51:21Z,2025-10-28T21:51:21Z
2d187ab7-ebce-4fbb-b6b5-5dad96a7d1d9,20f5b32b-085a-4f96-b6ee-0deb0aad118e,,2165225014,canceled,$88.00,USD,Month,,,,,PayPal,,2025-10-28T21:51:21Z,2025-10-28T21:51:21Z
de136dc3-564c-4e5a-9e52-34ac4d4cac88,8109792b-9bcb-4cef-87e4-0fb658fe372e,,2166310748,active,$22.00,USD,Month,,,,,PayPal,,2025-10-28T21:51:21Z,2025-10-28T21:51:21Z
2eab33a5-39db-4200-b845-27073e978c9e,aa45db8e-8d15-49c2-9c2f-27186eb765e3,,2167636652,canceled,$242.00,USD,Year,,,,,PayPal,,2025-10-28T21:51:21Z,2025-10-28T21:51:21Z
9863d599-8b16-4de0-84dc-40e2f3e8ef22,e2d72643-949f-44cb-86e0-642522c5824d,,2168104992,canceled,$88.00,USD,Month,,,,,PayPal,,2025-10-28T21:51:21Z,2025-10-28T21:51:21Z
c819521d-47ae-4ac5-8940-5c736721ad91,00178a03-1863-4cf9-b5c0-ee1b196f72c8,,2168581614,canceled,$22.00,USD,Month,,,,,PayPal,,2025-10-28T21:51:21Z,2025-10-28T21:51:21Z
e4a49543-62ea-464b-8d00-7cbfff6a79e3,e26d5d46-6120-4411-b610-abbf09b31c52,,2169089837,canceled,$88.00,USD,Month,,,,,PayPal,,2025-10-28T21:51:21Z,2025-10-28T21:51:21Z
49f36271-2853-4e86-9055-6aab7fe2a949,97142d5a-9037-4fbf-b5af-8a30ec0bc972,,2169417350,canceled,$242.00,USD,Year,,,,,PayPal,,2025-10-28T21:51:21Z,2025-10-28T21:51:21Z
7f279579-b94e-481c-b971-b42d48ad00a3,ec12a73d-6a99-4344-9d61-e9b353945cba,,2169788340,canceled,$22.00,USD,Month,,,,,PayPal,,2025-10-28T21:51:21Z,2025-10-28T21:51:21Z
bcd8dd9c-1473-4b31-a8c7-463be4b0450e,db55968d-dcad-44d7-9a7b-8cb824f1d9f9,,2169895172,active,$22.00,USD,Month,,,,,PayPal,,2025-10-28T21:51:21Z,2025-10-28T21:51:21Z
26fc3095-8ac9-4757-ad76-b307bfbc40e2,ec12a73d-6a99-4344-9d61-e9b353945cba,,2170144868,canceled,$242.00,USD,Year,,,,,PayPal,,2025-10-28T21:51:21Z,2025-10-28T21:51:21Z
584b5493-047a-4219-9789-c29812f75127,6faf72b4-1654-4523-9c46-4465f0cadd28,,2170428370,active,$22.00,USD,Month,,,,,PayPal,,2025-10-28T21:51:21Z,2025-10-28T21:51:21Z
a2dc87b9-35d6-4c34-8144-ce0f56800a3e,bc36e8a6-85c5-4fc6-8581-1ddee0413681,,2170588218,canceled,$22.00,USD,Month,,,,,PayPal,,2025-10-28T21:51:21Z,2025-10-28T21:51:21Z
2323847d-9b1a-48f6-a130-dfa0af655615,8902287f-e1c1-4cbd-8965-1d393cb22633,,2170850206,active,$968.00,USD,Year,,,,,PayPal,,2025-10-28T21:51:21Z,2025-10-28T21:51:21Z
f3bb612a-7a1c-4c77-a9ec-b16b703b8433,109a7a06-9611-45e5-bc5b-c26e323bf4a3,,2170897149,canceled,$22.00,USD,Month,,,,,PayPal,,2025-10-28T21:51:21Z,2025-10-28T21:51:21Z
d3ec5767-11cf-45a4-b6b5-7643ec6cebda,c95566ed-2c05-4770-bbd4-93ef62695e12,,2171004003,active,$22.00,USD,Month,,,,,PayPal,,2025-10-28T21:51:21Z,2025-10-28T21:51:21Z
6320855e-16df-4dc2-a043-27b71ccee1e0,0ef1e544-ce41-4776-b887-185510d9fd25,,2171710078,active,$242.00,USD,Year,,,,,PayPal,,2025-10-28T21:51:21Z,2025-10-28T21:51:21Z
68cf4d17-e342-4ea3-812d-730d0f921ce8,c75d5268-04eb-49e0-84dc-0bf7c5271719,,2172200836,canceled,$22.00,USD,Month,,,,,PayPal,,2025-10-28T21:51:21Z,2025-10-28T21:51:21Z
70d3db81-940b-4d6d-8a09-e7cc234e32f8,41f2b012-776a-475c-b5f8-b0450bdab9ba,,2172284434,active,$22.00,USD,Month,,,,,PayPal,,2025-10-28T21:51:21Z,2025-10-28T21:51:21Z
724878ea-ac79-42c2-810d-096d85c4e1ed,e4ba8e38-74f1-490d-8817-08d0feeef325,,2173284751,canceled,$44.00,USD,Month,,,,,PayPal,,2025-10-28T21:51:21Z,2025-10-28T21:51:21Z
e5ecf005-b957-446f-a892-c4fdd5591065,143ee0c8-231d-46eb-873a-e51539359951,,2173493121,canceled,$22.00,USD,Month,,,,,PayPal,,2025-10-28T21:51:21Z,2025-10-28T21:51:21Z
62a4f74f-0847-49e1-a477-f01e78327f9d,00a484c0-2a50-479a-8200-aeebecb2f5c3,,2173631957,canceled,$22.00,USD,Month,,,,,PayPal,,2025-10-28T21:51:21Z,2025-10-28T21:51:21Z
e5c754cd-52d2-4b9b-9e27-3e5184c07a26,f7a1782c-73eb-4072-b7e9-e30774f947f8,,2175489923,canceled,$22.00,USD,Month,,,,,PayPal,,2025-10-28T21:51:21Z,2025-10-28T21:51:21Z
4fa3f097-1b55-4c95-a611-16e4af3bfdb0,c41bcc23-8128-41c2-8e0e-b152fcb65a6c,,2175714035,canceled,$22.00,USD,Month,,,,,PayPal,,2025-10-28T21:51:21Z,2025-10-28T21:51:21Z
8704225f-b49c-4974-b884-791c33425de5,e1f2e9c0-f3e7-4ef7-b4fe-835709febafe,,2175962685,canceled,$242.00,USD,Year,,,,,PayPal,,2025-10-28T21:51:21Z,2025-10-28T21:51:21Z
6932a345-17fc-434d-a83e-8517ec13a5e7,dcce14e6-69c8-46c6-9ccd-99888624241e,,2177213825,canceled,$22.00,USD,Month,,,,,PayPal,,2025-10-28T21:51:21Z,2025-10-28T21:51:21Z
ac3b1441-ed27-49e9-9345-90c63677ac10,0a2055c4-f532-474c-ab2b-57b5d97e68e3,,2177999024,canceled,$22.00,USD,Month,,,,,PayPal,,2025-10-28T21:51:21Z,2025-10-28T21:51:21Z
8b93d4e8-0765-4f00-974d-3c80a06e44b6,6ae81f36-25a9-4e11-ac1a-2db89435cd2e,,2178066164,canceled,$22.00,USD,Month,,,,,PayPal,,2025-10-28T21:51:21Z,2025-10-28T21:51:21Z
4bd359ed-5bb8-44c3-a475-1e25e027093b,3ef2dc8f-176b-457d-9aa4-725b187b80b2,,2178364338,canceled,$22.00,USD,Month,,,,,PayPal,,2025-10-28T21:51:21Z,2025-10-28T21:51:21Z
a8bf744b-121c-45ce-a49c-1c2b302ee596,9e382c7e-4698-4b53-aa4a-94778abb3c4d,,2178726752,canceled,$22.00,USD,Month,,,,,PayPal,,2025-10-28T21:51:21Z,2025-10-28T21:51:21Z
c92e1d9f-3b0f-489f-a33a-04c67e9e5862,5590f522-4f05-406f-9e0c-59316de75746,,2179888861,active,$22.00,USD,Month,,,,,PayPal,,2025-10-28T21:51:21Z,2025-10-28T21:51:21Z
1ef86383-5b32-41d9-8e13-565a5a7eed44,b6d4c794-602b-41b0-8fd1-49f9996986cb,,2179923529,canceled,$22.00,USD,Month,,,,,PayPal,,2025-10-28T21:51:21Z,2025-10-28T21:51:21Z
e1567332-99e2-4e44-b8b5-39c629962dbd,c08499ef-7c8b-4a9b-9a6f-739445a63c9e,,2181794451,active,$22.00,USD,Month,,,,,PayPal,,2025-10-28T21:51:21Z,2025-10-28T21:51:21Z
b094afd8-1d21-435f-b598-75f7ec1416ac,f4ca26da-204c-442c-83ae-56390b2c9300,,2182427555,active,$22.00,USD,Month,,,,,PayPal,,2025-10-28T21:51:21Z,2025-10-28T21:51:21Z
2c5f89fd-f63b-4069-ba59-a2e48fd9dcf0,b1ddc16b-8c97-44b5-a2b2-155c3cec7b0f,,2183219518,active,$242.00,USD,Year,,,,,PayPal,,2025-10-28T21:51:21Z,2025-10-28T21:51:21Z
a818bf27-7b17-40ff-8b85-9f77975dad8c,27a8b0aa-541e-4e9c-99a9-4224c4d51eda,,2184702667,canceled,$242.00,USD,Year,,,,,PayPal,,2025-10-28T21:51:21Z,2025-10-28T21:51:21Z
fb3ddf23-7047-4426-b81b-9f79d0bcf273,957bee99-cbd3-4dca-808b-ac7a6e37e4e1,,2185147540,active,$44.00,USD,Month,,,,,PayPal,,2025-10-28T21:51:21Z,2025-10-28T21:51:21Z
ac1c7cce-d864-4329-ab8a-3782ffc11e3f,07ebab79-d488-405c-830f-51ec73e9976a,,2185195184,canceled,$484.00,USD,Year,,,,,PayPal,,2025-10-28T21:51:21Z,2025-10-28T21:51:21Z
38a433aa-bcff-4e43-b76c-3ce6c3c8dd2e,ea8e4f73-bfe1-456b-9061-539269d0968e,,2186625553,active,$22.00,USD,Month,,,,,PayPal,,2025-10-28T21:51:21Z,2025-10-28T21:51:21Z
5ae8aeda-b0df-45dc-a5e6-7f9291475fa9,65a59ca9-d357-4e49-a457-2b4d1a86e1ef,,2187495351,canceled,$22.00,USD,Month,,,,,PayPal,,2025-10-28T21:51:21Z,2025-10-28T21:51:21Z
3a11dc83-99d9-4cd0-b6a7-ca0cf7ef04fc,e84ccfed-3c86-4a92-995c-0130f943f88e,,2188881020,canceled,$22.00,USD,Month,,,,,PayPal,,2025-10-28T21:51:21Z,2025-10-28T21:51:21Z
4fc69a99-9186-4882-ae78-be7181fe02a5,45a6c56a-d44c-441f-8ed1-354277a43855,,2188978004,canceled,$22.00,USD,Month,,,,,PayPal,,2025-10-28T21:51:21Z,2025-10-28T21:51:21Z
a9d7ddd1-eb08-4a39-bc49-f1b03daf23f6,09822f20-da64-4a24-a860-909d202a041c,,2190956362,active,$242.00,USD,Year,,,,,PayPal,,2025-10-28T21:51:21Z,2025-10-28T21:51:21Z
26f06c19-7b4d-4ff0-ab50-1fb05850fb04,1eac0cad-04cf-4a1f-b1b2-b87e748bb524,,2192090083,active,$22.00,USD,Month,,,,,PayPal,,2025-10-28T21:51:21Z,2025-10-28T21:51:21Z
3045daa0-f0a4-4dee-91bc-5404af7a9ff8,8df135f7-75ff-4d8b-aa04-7993b69b430c,,2192157781,canceled,$88.00,USD,Month,,,,,PayPal,,2025-10-28T21:51:21Z,2025-10-28T21:51:21Z
4c306083-11eb-4e6d-a019-ff6db53df34b,a8048565-c5a6-460d-8d81-254c605ce080,,2192847989,active,$22.00,USD,Month,,,,,PayPal,,2025-10-28T21:51:21Z,2025-10-28T21:51:21Z
8ca6927a-e04e-4f54-aaee-ce34324a7fee,39c65e5b-0cff-4387-bffe-bd19450fae35,,2193466275,canceled,$22.00,USD,Month,,,,,PayPal,,2025-10-28T21:51:21Z,2025-10-28T21:51:21Z
8845fddd-6397-4044-9ddc-4d15258e607c,6b388558-1fed-4623-aaaf-80d407d2cee8,,2194023945,active,$22.00,USD,Month,,,,,PayPal,,2025-10-28T21:51:21Z,2025-10-28T21:51:21Z
e7c531ff-4186-46b3-ba27-53fa330fdfae,6e3db36c-4d12-43f0-ba52-2ae7b925f3fb,,2194208227,active,$22.00,USD,Month,,,,,PayPal,,2025-10-28T21:51:21Z,2025-10-28T21:51:21Z
38f474b0-9cc7-491a-bb65-feef97311e1a,e2d72643-949f-44cb-86e0-642522c5824d,,2194986380,active,$44.00,USD,Month,,,,,PayPal,,2025-10-28T21:51:21Z,2025-10-28T21:51:21Z
ab0c6307-ed95-4673-b9f0-050fa402c81b,62d9c239-348a-4149-b9f6-c23d68d93a86,,2195183450,canceled,$44.00,USD,Month,,,,,PayPal,,2025-10-28T21:51:21Z,2025-10-28T21:51:21Z
710a0e46-cfdc-4117-8911-41d61134296c,3e8b839a-a4e6-4d82-a831-09880c6170ec,,2195463023,canceled,$22.00,USD,Month,,,,,PayPal,,2025-10-28T21:51:21Z,2025-10-28T21:51:21Z
1dfe51dc-ad3c-47af-8adb-249d8f7da48a,34d1e2b3-f6fd-4cc7-81be-53fbb6f05ac6,,2195597320,active,$22.00,USD,Month,,,,,PayPal,,2025-10-28T21:51:21Z,2025-10-28T21:51:21Z
07a43cf1-0824-401e-aa00-b552c3c3932c,e540dcce-7a8d-4ad6-b559-30eb63b866f7,,2196115090,active,$44.00,USD,Month,,,,,PayPal,,2025-10-28T21:51:21Z,2025-10-28T21:51:21Z
8f4c2689-f38d-4144-b9c7-3245d1cbdc8d,9d9477b8-2d8f-4125-a4e7-45874f6656cc,,2196661906,active,$22.00,USD,Month,,,,,PayPal,,2025-10-28T21:51:21Z,2025-10-28T21:51:21Z
66bf281b-1c7b-40b3-88dd-439e189b762f,84e6f53c-75f1-4ac6-ae2c-6a12944c9776,,2197989075,active,$88.00,USD,Month,,,,,PayPal,,2025-10-28T21:51:21Z,2025-10-28T21:51:21Z
20e97a5d-3d1d-475d-a1a9-eb02904e703b,79a0aaa3-26b4-4526-923c-56410d4ffe62,,2198350992,active,$22.00,USD,Month,,,,,PayPal,,2025-10-28T21:51:21Z,2025-10-28T21:51:21Z
04ebe28f-15d6-4806-95bf-c769b48fb671,621acab9-c1b0-4006-b31b-74de7fed2f6d,,2199165325,active,$88.00,USD,Month,,,,,PayPal,,2025-10-28T21:51:21Z,2025-10-28T21:51:21Z
0581e4f2-8f1b-4223-8507-c9cd1ab8f7b5,1afa2ed8-ba88-4367-8c0b-8d111ff252c2,,2199828534,canceled,$22.00,USD,Month,,,,,PayPal,,2025-10-28T21:51:21Z,2025-10-28T21:51:21Z
90a07fc3-4089-4388-8dca-784cd318d11c,b222516c-8ffb-4c36-9086-2faac756fbb3,,2200093084,canceled,$22.00,USD,Month,,,,,PayPal,,2025-10-28T21:51:21Z,2025-10-28T21:51:21Z
831d1565-b876-48db-9c51-d98ece5ef24f,6636e41a-5248-4077-96f7-4201e7df726c,,2200367706,active,$242.00,USD,Year,,,,,PayPal,,2025-10-28T21:51:21Z,2025-10-28T21:51:21Z
b48b33d7-20a1-49b5-a23f-5ac9808c3992,dfa0b190-2fb2-410a-9364-8d10b0277500,,2201424760,canceled,$968.00,USD,Year,,,,,PayPal,,2025-10-28T21:51:21Z,2025-10-28T21:51:21Z
18501e65-3ed2-4fe7-9cbf-d89c6b2f4a57,42517e88-2a82-4c5a-9969-cb4b13ccdeb5,,2201598515,canceled,$22.00,USD,Month,,,,,PayPal,,2025-10-28T21:51:21Z,2025-10-28T21:51:21Z
5467269e-c6e8-4b85-8353-2036174a60c8,656be934-ac09-4103-9221-59bb77837664,,2201808572,active,$22.00,USD,Month,,,,,PayPal,,2025-10-28T21:51:21Z,2025-10-28T21:51:21Z
be0514f9-38cf-4652-9a85-fc3a1e809fc8,e1989206-4686-4304-8d72-15c0f8813d81,,2202393590,canceled,$22.00,USD,Month,,,,,PayPal,,2025-10-28T21:51:21Z,2025-10-28T21:51:21Z
36c37495-2281-4ec8-8c68-b94fb2e959d0,aa1d2289-bc09-4376-b470-d8d2b512cfb1,,2202433565,canceled,$22.00,USD,Month,,,,,PayPal,,2025-10-28T21:51:21Z,2025-10-28T21:51:21Z
308133ee-253d-4616-a72f-7205da83bcae,93047837-0206-4c86-9674-239e35fc15bb,,2202915989,canceled,$44.00,USD,Month,,,,,PayPal,,2025-10-28T21:51:21Z,2025-10-28T21:51:21Z
b2773740-30eb-4d7f-ae78-e89b53a42321,354e10a3-1516-43fe-ae37-6d44173a43c1,,2202989487,active,$22.00,USD,Month,,,,,PayPal,,2025-10-28T21:51:21Z,2025-10-28T21:51:21Z
2e0d48d6-8e7c-4ae1-8e86-2e2dbc081bd8,dcce14e6-69c8-46c6-9ccd-99888624241e,,2202993541,canceled,$44.00,USD,Month,,,,,PayPal,,2025-10-28T21:51:21Z,2025-10-28T21:51:21Z
6ceabb63-10ee-4d92-a396-fe57935efd3b,fb9c6fe2-070c-48eb-b308-907bdf53474c,,2203221392,canceled,$22.00,USD,Month,,,,,PayPal,,2025-10-28T21:51:21Z,2025-10-28T21:51:21Z
152cd01d-aade-4b00-af05-1f0a46797102,344061ee-13dc-4d4a-9329-478b7a8f276b,,2203395191,canceled,$22.00,USD,Month,,,,,PayPal,,2025-10-28T21:51:21Z,2025-10-28T21:51:21Z
78e99d83-8a54-4a10-8efa-1ed642a87c79,c6ebff85-90d3-43da-8215-639659bc8696,,2203628312,active,$22.00,USD,Month,,,,,PayPal,,2025-10-28T21:51:21Z,2025-10-28T21:51:21Z
cc6f441c-8ee4-46fa-8dc0-b04834d3ed4f,e1f2e9c0-f3e7-4ef7-b4fe-835709febafe,,2203667940,canceled,$242.00,USD,Year,,,,,PayPal,,2025-10-28T21:51:21Z,2025-10-28T21:51:21Z
e39442b3-feaa-46a4-a656-113bcef9cd7e,9b6685a5-e8ba-457f-8d1f-f954eb50c49e,,2204586511,canceled,$22.00,USD,Month,,,,,PayPal,,2025-10-28T21:51:21Z,2025-10-28T21:51:21Z
ad9c6fe7-29a6-4123-8530-2aff7c658ead,f42af320-4a29-4792-99d5-512d382f6490,,2204887892,canceled,$22.00,USD,Month,,,,,PayPal,,2025-10-28T21:51:21Z,2025-10-28T21:51:21Z
5552034b-71c0-4f07-9132-bd185eade98b,4c820981-c100-47d3-8156-973cccd16e50,,2205103588,active,$22.00,USD,Month,,,,,PayPal,,2025-10-28T21:51:21Z,2025-10-28T21:51:21Z
79263760-97eb-4a57-bedb-a65387f58237,baf16068-de37-4936-af96-e18b5e54d177,,2205386344,active,$22.00,USD,Month,,,,,PayPal,,2025-10-28T21:51:21Z,2025-10-28T21:51:21Z
5267a066-2bc8-43f6-8340-653829c7b08d,2cf94ebb-1f11-47f7-8764-5c0325eba592,,2205543958,canceled,$44.00,USD,Month,,,,,PayPal,,2025-10-28T21:51:21Z,2025-10-28T21:51:21Z
13872ba2-a2fe-4a94-9d5e-f78a218b9e47,9e4139cb-c64f-40bf-881f-41a46f86f266,,2205871395,canceled,$22.00,USD,Month,,,,,PayPal,,2025-10-28T21:51:21Z,2025-10-28T21:51:21Z
1debca15-0c73-4c4d-a51d-01d4bd5a3999,9b8c9b82-a368-4414-bd43-ee8876df1815,,2205973141,canceled,$22.00,USD,Month,,,,,PayPal,,2025-10-28T21:51:21Z,2025-10-28T21:51:21Z
0c64434b-4e43-4ccf-9754-ced9c2952062,3e0ff06a-8597-4268-a706-033881aa6aa7,,2205989412,active,$22.00,USD,Month,,,,,PayPal,,2025-10-28T21:51:21Z,2025-10-28T21:51:21Z
f728bde0-3dea-4804-a823-6c5f980f7041,09ec45c7-d045-4c4c-aa35-28765bf5c2af,,2206173097,active,$22.00,USD,Month,,,,,PayPal,,2025-10-28T21:51:21Z,2025-10-28T21:51:21Z
37ace812-938c-4dc1-bc47-f6aad1956f4d,90c36085-72aa-49e6-aab6-845e31cb8cc8,,2206418878,active,$44.00,USD,Month,,,,,PayPal,,2025-10-28T21:51:21Z,2025-10-28T21:51:21Z
9aab1c64-f5b1-4620-994c-26304186a4ff,7d4b55db-a642-41d3-acb3-22c0dd899524,,2206499919,canceled,$22.00,USD,Month,,,,,PayPal,,2025-10-28T21:51:21Z,2025-10-28T21:51:21Z
482eae13-dbf9-4e09-b0b4-13465b14e4c0,08decd68-0748-4270-83a1-1a33e8369442,,2206935329,active,$44.00,USD,Month,,,,,PayPal,,2025-10-28T21:51:21Z,2025-10-28T21:51:21Z
8b560006-835a-4441-9622-41d2f8ba7a93,93047837-0206-4c86-9674-239e35fc15bb,,2207828161,canceled,$44.00,USD,Month,,,,,PayPal,,2025-10-28T21:51:21Z,2025-10-28T21:51:21Z
304e0ff6-cdaf-4c9e-970e-aefe92176a15,ab8f7d48-4100-4787-9285-1905902dcd58,,2208194002,active,$22.00,USD,Month,,,,,PayPal,,2025-10-28T21:51:21Z,2025-10-28T21:51:21Z
28f2d87e-1b1d-4a92-b9d2-2bb2e81454bc,4ce59b4c-c7aa-4362-9728-90bd790187cd,,2210034677,active,$22.00,USD,Month,,,,,PayPal,,2025-10-28T21:51:21Z,2025-10-28T21:51:21Z
83b42be4-0c3a-4172-b868-73306d1486c5,956bb19e-db9c-486c-892d-de5a82ab82b9,,2217158414,canceled,$484.00,USD,Year,,,,,PayPal,,2025-10-28T21:51:21Z,2025-10-28T21:51:21Z
32f6306e-f934-41cd-8143-d5fabdd49149,7e5601f2-4b63-4956-9edd-63cbcba16d78,,2217573669,canceled,$22.00,USD,Month,,,,,PayPal,,2025-10-28T21:51:21Z,2025-10-28T21:51:21Z
3cbdddaf-e4b3-47f4-b592-77bfe0713586,91ca67e9-5a7d-4f6d-aa7f-42c3eb8ec6a1,,2218973444,active,$44.00,USD,Month,,,,,PayPal,,2025-10-28T21:51:21Z,2025-10-28T21:51:21Z
c56df5d1-592c-43d8-80fb-8d768d604c80,85f4e430-0c2a-4535-9d9b-c45e9f9dad7d,,2219450464,active,$968.00,USD,Year,,,,,PayPal,,2025-10-28T21:51:21Z,2025-10-28T21:51:21Z
b8a9605c-3cf0-4e28-a04b-c5b2637cf08e,0c5c1fa4-b61a-44e6-89ea-f6d5d4001989,,2219620364,canceled,$22.00,USD,Month,,,,,PayPal,,2025-10-28T21:51:21Z,2025-10-28T21:51:21Z
d2106d6f-821c-4a0f-846c-be047575ac1e,6d644f66-3de7-4b87-99f6-bd27546543bd,,2220122896,active,$968.00,USD,Year,,,,,PayPal,,2025-10-28T21:51:21Z,2025-10-28T21:51:21Z
18643e92-5dab-4767-ae34-1f75866546d3,1f333ef5-d508-411b-8e08-e9651667268d,,2220877271,active,$242.00,USD,Year,,,,,PayPal,,2025-10-28T21:51:21Z,2025-10-28T21:51:21Z
e002fc33-3c34-4d50-b044-6162360e3545,ce99a9f2-4611-4884-a4bb-99d8a7ff04b2,,2222679393,canceled,$88.00,USD,Month,,,,,PayPal,,2025-10-28T21:51:21Z,2025-10-28T21:51:21Z
ad1ce5dc-b214-4906-8a51-7a5079844d5a,b0ef8494-0523-490d-b167-c9cc46e9a07d,,2223986239,canceled,$88.00,USD,Month,,,,,PayPal,,2025-10-28T21:51:21Z,2025-10-28T21:51:21Z
91382022-0608-4ad2-8d5d-d34660d813f5,3cbc2b36-3f70-4dfa-84fe-f5262d20cfcc,,2224534227,canceled,$22.00,USD,Month,,,,,PayPal,,2025-10-28T21:51:21Z,2025-10-28T21:51:21Z
f209985b-3328-43d1-b044-881ee30850b5,003136a3-c965-4c6a-8018-d1927ee2b3d1,,2225774156,canceled,$22.00,USD,Month,,,,,PayPal,,2025-10-28T21:51:21Z,2025-10-28T21:51:21Z
aedde2b1-8fed-4f92-9d65-14e6b1631e32,df3e0e55-358d-4040-b481-9ad5740810b4,,2227121950,canceled,$22.00,USD,Month,,,,,PayPal,,2025-10-28T21:51:21Z,2025-10-28T21:51:21Z
52f7838e-00d8-44ef-8bcf-f9f48cfc409f,e591b345-35cc-4b09-b46f-46570aafcbc4,,2227373228,active,$22.00,USD,Month,,,,,PayPal,,2025-10-28T21:51:21Z,2025-10-28T21:51:21Z
a947a6f6-f2cd-464a-b44c-8a4d0d1c5f6c,9b8c9b82-a368-4414-bd43-ee8876df1815,,2227652745,canceled,$22.00,USD,Month,,,,,PayPal,,2025-10-28T21:51:21Z,2025-10-28T21:51:21Z
2fbe89eb-9f0f-40ec-b724-43836819a61c,63f4eeb9-3a23-4927-afab-4dad789be611,,2227999582,active,$44.00,USD,Month,,,,,PayPal,,2025-10-28T21:51:21Z,2025-10-28T21:51:21Z
33e53847-d039-47ea-ad46-9db3914f99e7,56bcd62c-736c-48cc-938d-59819aeb41b9,,2228566443,active,$22.00,USD,Month,,,,,PayPal,,2025-10-28T21:51:21Z,2025-10-28T21:51:21Z
6bf17264-b23f-4d11-bd03-e599f5ce769d,a4fc72ae-ed54-4899-9306-75f986080fad,,2228667870,active,$22.00,USD,Month,,,,,PayPal,,2025-10-28T21:51:21Z,2025-10-28T21:51:21Z
83bd4dbf-971d-4769-93a8-a2c6484bcea5,f0f13ddb-a876-4c00-9b16-78325f1e400b,,2229147870,canceled,$22.00,USD,Month,,,,,PayPal,,2025-10-28T21:51:21Z,2025-10-28T21:51:21Z
811ddef9-43ab-436c-9cfd-5a524b0ec266,8df135f7-75ff-4d8b-aa04-7993b69b430c,,2229594958,active,$88.00,USD,Month,,,,,PayPal,,2025-10-28T21:51:21Z,2025-10-28T21:51:21Z
e85dae5a-0a84-4a97-857e-98554c02ded2,195d88e6-f37c-459a-a11c-a826d347dc2c,,2231205546,canceled,$22.00,USD,Month,,,,,PayPal,,2025-10-28T21:51:21Z,2025-10-28T21:51:21Z
4e8279fc-a6ec-4750-8f87-5397f329b4b7,74e4d358-8cd2-42a7-b345-cc81b4626cb0,,2231235752,canceled,$242.00,USD,Year,,,,,PayPal,,2025-10-28T21:51:21Z,2025-10-28T21:51:21Z
99b50808-d71a-4daa-939a-db31230b280c,311e8a69-ab24-4575-9094-434ae6e65001,,2233572739,canceled,$242.00,USD,Year,,,,,PayPal,,2025-10-28T21:51:21Z,2025-10-28T21:51:21Z
f262a4c1-e949-49b6-bff9-c168d90186d9,f7c65566-01b6-4957-8075-2abeef7639ea,,2233846133,canceled,$22.00,USD,Month,,,,,PayPal,,2025-10-28T21:51:21Z,2025-10-28T21:51:21Z
360c33b1-2fa2-4ffe-ae59-76199a8550d2,5b8b04b6-602f-491e-af73-a9f8c88623fc,,2234042996,active,$88.00,USD,Month,,,,,PayPal,,2025-10-28T21:51:21Z,2025-10-28T21:51:21Z
63270c0f-ab77-43e9-b561-3eab87430301,19e19d24-3715-44c4-9d71-64d9ceb304a8,,2234627907,canceled,$22.00,USD,Month,,,,,PayPal,,2025-10-28T21:51:21Z,2025-10-28T21:51:21Z
d4ef2b95-20f2-4958-8606-202cfe6d502e,b9c276a7-c0bd-4ee8-9468-957f06060e4e,,2235981177,active,$242.00,USD,Year,,,,,PayPal,,2025-10-28T21:51:21Z,2025-10-28T21:51:21Z
7e2d08cc-0aee-49c3-a681-674c731ac2ee,b8b3634c-df66-4194-adf4-8e8c0c50a9b7,,2236459559,active,$22.00,USD,Month,,,,,PayPal,,2025-10-28T21:51:21Z,2025-10-28T21:51:21Z
b575180f-886c-4b01-ba0a-76cfff026bfb,63902257-8e2e-46e6-8ccb-36febb881bad,,2237179166,active,$22.00,USD,Month,,,,,PayPal,,2025-10-28T21:51:21Z,2025-10-28T21:51:21Z
6c245b5a-1863-407e-b2c7-59c025813334,4eee8893-4374-4e69-9a51-8d367594189b,,2238315957,canceled,$44.00,USD,Month,,,,,PayPal,,2025-10-28T21:51:21Z,2025-10-28T21:51:21Z
9108a4c3-bc57-4ef9-9f33-b6f59b884bf5,9b8c9b82-a368-4414-bd43-ee8876df1815,,2238511938,canceled,$44.00,USD,Month,,,,,PayPal,,2025-10-28T21:51:21Z,2025-10-28T21:51:21Z
6f7f5fdf-088d-41a1-94ea-ad60c17a16cd,43d5f4bb-77ef-489c-8da2-13811cf1bb33,,2240327334,active,$242.00,USD,Year,,,,,PayPal,,2025-10-28T21:51:21Z,2025-10-28T21:51:21Z
c0560c0e-0403-4ff5-bcad-f837f97bc7a2,e4a3e220-e9c2-4fdd-b07d-c6e0dc357c2f,,2240758880,canceled,$22.00,USD,Month,,,,,PayPal,,2025-10-28T21:51:21Z,2025-10-28T21:51:21Z
4a83e41c-ccf0-40d9-9797-c63c1a9fcf74,9b8c9b82-a368-4414-bd43-ee8876df1815,,2240837767,active,$44.00,USD,Month,,,,,PayPal,,2025-10-28T21:51:21Z,2025-10-28T21:51:21Z
f8efccaa-0aef-4de6-abc9-26e13bc3fac0,a8b411f6-f0fa-4767-9ddf-f3a7d1606915,,2241987791,active,$22.00,USD,Month,,,,,PayPal,,2025-10-28T21:51:21Z,2025-10-28T21:51:21Z
910edab9-9f8e-429c-9e1e-f213e38825d1,50d2be8d-b018-4991-82f0-197abae810cb,,2243835641,canceled,$22.00,USD,Month,,,,,PayPal,,2025-10-28T21:51:21Z,2025-10-28T21:51:21Z
875b40be-f00a-4bd2-8843-9cc76a5a0793,8cb90e7c-c97f-49de-ac3c-fa31e42ab9be,,2243900268,canceled,$22.00,USD,Month,,,,,PayPal,,2025-10-28T21:51:21Z,2025-10-28T21:51:21Z
b72a47f1-8d7b-4f9e-a207-01a5136fd159,6cfad42e-de59-4b10-a599-7643046b0093,,2243947636,active,$22.00,USD,Month,,,,,PayPal,,2025-10-28T21:51:21Z,2025-10-28T21:51:21Z
12d2ccca-e9e2-41c0-bf36-93422ecba02c,40eb46d1-b723-4de0-b272-1a5533059d90,,2244588461,active,$22.00,USD,Month,,,,,PayPal,,2025-10-28T21:51:21Z,2025-10-28T21:51:21Z
8bd131ec-3a0e-4634-80ef-db8c304103e6,51bc5c83-e048-4037-869d-5fec1188d9cf,,2245077253,canceled,$22.00,USD,Month,,,,,PayPal,,2025-10-28T21:51:21Z,2025-10-28T21:51:21Z
7f4b7a44-1052-426b-afbd-128406b2e0b2,21e104e2-5305-42f0-9bd2-6908d3596b7c,,2245231226,active,$44.00,USD,Month,,,,,PayPal,,2025-10-28T21:51:21Z,2025-10-28T21:51:21Z
8196ac42-3740-47b6-88a6-eb8148119a1b,8eb899fa-d60f-43e7-a40d-a945216227a3,,2245640507,active,$88.00,USD,Month,,,,,PayPal,,2025-10-28T21:51:21Z,2025-10-28T21:51:21Z
ca05fb85-be42-4648-b6c7-ffea33b408dc,a29df16c-13f8-471c-bc00-438a14ff481e,,2245694540,active,$22.00,USD,Month,,,,,PayPal,,2025-10-28T21:51:21Z,2025-10-28T21:51:21Z
6f9ca3e0-8a87-4928-893e-28bb0886e006,fe263918-9a48-4dbf-a05f-b7a37532b939,,2246656523,active,$22.00,USD,Month,,,,,PayPal,,2025-10-28T21:51:21Z,2025-10-28T21:51:21Z
e68eaa52-ac2d-4fcf-9584-faf75dc1b455,4d71dc88-9140-48a1-be86-0282e9d6936a,,2247996834,canceled,$22.00,USD,Month,,,,,PayPal,,2025-10-28T21:51:21Z,2025-10-28T21:51:21Z
4f012b5b-316c-4870-abfb-e774cdb53a73,3cebc0c3-ddfe-432c-8ad2-229b8e936285,,2249602717,active,$22.00,USD,Month,,,,,PayPal,,2025-10-28T21:51:21Z,2025-10-28T21:51:21Z
24531e2a-ea5f-4ff5-8326-7fea4a220bd6,f140f723-5d8f-4e94-84c9-3ab9adb43b04,,2249671453,active,$12.00,USD,Month,,,,,PayPal,,2025-10-28T21:51:21Z,2025-10-28T21:51:21Z
082bfec9-4071-49b0-a80a-ddb7cb60cad2,0a3126d8-7b83-4ce3-bd24-bec69a58b616,,2249861794,active,$12.00,USD,Month,,,,,PayPal,,2025-10-28T21:51:21Z,2025-10-28T21:51:21Z
257ebe23-c9a0-4b37-954d-f255dcc66b85,b6bcaf7f-4294-4d9d-8fa1-cc7551cc0bee,,2249898837,canceled,$44.00,USD,Month,,,,,PayPal,,2025-10-28T21:51:21Z,2025-10-28T21:51:21Z
8ac8281a-78ee-48b6-a9e3-13857330a993,889437b6-1eab-475b-a7d3-cc66a30eaa0e,,2249906671,active,$144.00,USD,Year,,,,,PayPal,,2025-10-28T21:51:21Z,2025-10-28T21:51:21Z
b61112ed-8440-4e1c-8c38-d3f2ea9c4c14,fe08cc7b-7bcd-438f-9901-dbb7cf04f51a,,2249982753,active,$144.00,USD,Year,,,,,PayPal,,2025-10-28T21:51:21Z,2025-10-28T21:51:21Z
82e0db97-36c8-4b86-989c-70c8acb1ceb8,cd5a9598-4ca5-41a6-a348-12b5cda694e7,,2250052094,active,$12.00,USD,Month,,,,,PayPal,,2025-10-28T21:51:21Z,2025-10-28T21:51:21Z
71d9916c-4c03-4b3a-8613-67ef974d000f,1470a44b-cb79-4420-bd0d-a916bc1c1c3f,,2250230439,active,$22.00,USD,Month,,,,,PayPal,,2025-10-28T21:51:21Z,2025-10-28T21:51:21Z
3d734d84-28e9-4278-9ca5-eaadf05f6bf2,7e71b495-c5f8-443c-84c8-536de3ac90ba,,2250800290,active,$22.00,USD,Month,,,,,PayPal,,2025-10-28T21:51:21Z,2025-10-28T21:51:21Z
057f14a8-9a15-4b66-a950-48142aaf667d,26a2d367-4e89-492d-aa05-ca7086d7af72,,2250813993,active,$484.00,USD,Year,,,,,PayPal,,2025-10-28T21:51:21Z,2025-10-28T21:51:21Z
ef8ff438-4858-4cb0-8fca-6baadd920fd4,45a6c56a-d44c-441f-8ed1-354277a43855,,2251577768,active,$12.00,USD,Month,,,,,PayPal,,2025-10-28T21:51:21Z,2025-10-28T21:51:21Z
33e4c3ba-a564-442c-9dc3-0e99d43893eb,ec950622-e64b-4ed5-950c-fe449d799bb7,,2252421761,active,$363.00,USD,Year,,,,,PayPal,,2025-10-28T21:51:21Z,2025-10-28T21:51:21Z
ff9586c7-7488-4ab6-be9c-6294a16e8ffa,ce06e8e9-2ed0-44ab-82be-8a6afae45eab,,2252793836,canceled,$33.00,USD,Month,,,,,PayPal,,2025-10-28T21:51:21Z,2025-10-28T21:51:21Z
6efaad65-27d1-430d-88e8-1b31ccb68e77,5f079d51-8cda-4d26-b20a-ea61390d85f6,,2252963944,canceled,$12.00,USD,Month,,,,,PayPal,,2025-10-28T21:51:21Z,2025-10-28T21:51:21Z
f11ef8bb-6b81-432f-a6bf-ad430ae52f5d,a29f6aad-5f3e-4f77-b1ad-519de5ba6d65,,2253022151,active,$12.00,USD,Month,,,,,PayPal,,2025-10-28T21:51:21Z,2025-10-28T21:51:21Z
0d7d6cad-aa2b-44f3-87f1-cef152cbb16e,4aea8db2-3b3e-4d77-8395-6aa277d7ba87,,2253372963,active,$22.00,USD,Month,,,,,PayPal,,2025-10-28T21:51:21Z,2025-10-28T21:51:21Z
ee54b220-08bf-4d15-9273-98a39779f64e,cb173a0c-0fed-4b1f-a92a-8e76b2bfcc1c,,2254238441,canceled,$12.00,USD,Month,,,,,PayPal,,2025-10-28T21:51:21Z,2025-10-28T21:51:21Z
6397a7bc-dc58-4e93-aca6-2affd325a31f,6e821662-6960-4270-aa61-023a1f3e7c82,,2254455650,canceled,$33.00,USD,Month,,,,,PayPal,,2025-10-28T21:51:21Z,2025-10-28T21:51:21Z
29c59e64-c029-4e47-8677-ab13040e8186,d34f89b7-23b9-4728-b9dd-17d725d88ea6,,2254819231,canceled,$12.00,USD,Month,,,,,PayPal,,2025-10-28T21:51:21Z,2025-10-28T21:51:21Z
e525cd0a-29e1-4d0e-9538-06561c83d1d6,7e5601f2-4b63-4956-9edd-63cbcba16d78,,2255565634,active,$33.00,USD,Month,,,,,PayPal,,2025-10-28T21:51:21Z,2025-10-28T21:51:21Z
c7dccfc7-a87e-4dd6-9a1a-812df3646fab,7a35b98d-cd6d-41eb-b0c0-b600f102b525,,2255610614,active,$33.00,USD,Month,,,,,PayPal,,2025-10-28T21:51:21Z,2025-10-28T21:51:21Z
d7a47419-1041-4696-ae2f-e21e2b17fd40,9b193304-cbcc-416a-98f0-1820e3e21721,,2255737893,canceled,$33.00,USD,Month,,,,,PayPal,,2025-10-28T21:51:21Z,2025-10-28T21:51:21Z
26e23837-84de-4b2f-9e3c-2d4c6c71a04e,0578f43a-8d81-4f78-a1a3-2d5336b751a8,,2255982754,active,"$1,089.00",USD,Year,,,,,PayPal,,2025-10-28T21:51:21Z,2025-10-28T21:51:21Z
638e2c86-68a3-43f8-b813-7a829b2a6b39,d34f89b7-23b9-4728-b9dd-17d725d88ea6,,2256002727,canceled,$33.00,USD,Month,,,,,PayPal,,2025-10-28T21:51:21Z,2025-10-28T21:51:21Z
27a624e3-0da7-4901-94d2-877c660c83e0,a3bf7923-fa93-4242-aa9f-2176f3b8aa59,,2256238289,canceled,$33.00,USD,Month,,,,,PayPal,,2025-10-28T21:51:21Z,2025-10-28T21:51:21Z
f4905991-4b4a-4049-88af-f2f274f707ae,e2d72643-949f-44cb-86e0-642522c5824d,,2256281720,active,$22.00,USD,Month,,,,,PayPal,,2025-10-28T21:51:21Z,2025-10-28T21:51:21Z
f0e24af3-f58c-4d5b-9e35-8f3eec7ac55b,bf137233-1a16-4a59-bf25-4d84bcd227ca,,2257138246,canceled,$33.00,USD,Month,,,,,PayPal,,2025-10-28T21:51:21Z,2025-10-28T21:51:21Z
33485126-0aa4-44bb-bc41-29927322a47f,55fb54ea-aa43-41b7-8d82-60665638e76c,,2257608392,active,$88.00,USD,Month,,,,,PayPal,,2025-10-28T21:51:21Z,2025-10-28T21:51:21Z
1225c7f3-17d8-431f-8eb6-7d2d3ef69e70,543beed7-8716-4ea4-88e0-e0d63c4f3960,,2258393328,canceled,$22.00,USD,Month,,,,,PayPal,,2025-10-28T21:51:21Z,2025-10-28T21:51:21Z
d4247181-27c9-447c-a9ea-e90bcf7031dd,7b3d95b8-b421-436c-98c8-2971bab69ebc,,2258533600,active,$22.00,USD,Month,,,,,PayPal,,2025-10-28T21:51:21Z,2025-10-28T21:51:21Z
3bda7da7-1c24-4582-9da8-79691cae1d18,fe62d884-7cf1-4462-a7d6-64a9886ff1ed,,2258925625,active,$242.00,USD,Year,,,,,PayPal,,2025-10-28T21:51:21Z,2025-10-28T21:51:21Z
ee001067-478f-451a-9169-70c749fdb180,931895ab-f451-4e14-9201-3cc5de36e472,,2259031343,active,$22.00,USD,Month,,,,,PayPal,,2025-10-28T21:51:21Z,2025-10-28T21:51:21Z
0b2e7019-8f7d-4cf4-b9cb-2fa28f3ff277,e4a3e220-e9c2-4fdd-b07d-c6e0dc357c2f,,2259150385,active,$55.00,USD,Month,,,,,PayPal,,2025-10-28T21:51:21Z,2025-10-28T21:51:21Z
fc90ed21-26eb-49b4-aab2-a408653d1356,73323c67-02a6-4efe-a64a-cb2c35f7f719,,2259315058,active,$968.00,USD,Year,,,,,PayPal,,2025-10-28T21:51:21Z,2025-10-28T21:51:21Z
4f20ba72-e29c-4466-a111-5715d9bc9211,a63df9e4-de89-4b19-bfad-198896a0a3c1,,2259553067,active,$12.00,USD,Month,,,,,PayPal,,2025-10-28T21:51:21Z,2025-10-28T21:51:21Z
260b525c-414a-499b-afe6-d1bf1a94006d,50eca2d1-c4eb-4d4d-8844-38bd34bcc075,,2259593679,active,$22.00,USD,Month,,,,,PayPal,,2025-10-28T21:51:21Z,2025-10-28T21:51:21Z
9c8c7d8c-8391-4c7f-83cf-c7b3b4c0e9e3,01f70d7c-ce45-4b6b-8516-75bf646f6ea9,,2259863503,active,$968.00,USD,Year,,,,,PayPal,,2025-10-28T21:51:21Z,2025-10-28T21:51:21Z
3593d46c-3397-43ec-b9ac-77a6ad5e8742,19dd56e7-ee39-4e1b-a780-1e1bdeec4e28,,2260034506,active,$12.00,USD,Month,,,,,PayPal,,2025-10-28T21:51:21Z,2025-10-28T21:51:21Z
ce170a27-b108-42c8-8c44-17e8247d0de9,3954fda1-b746-4ec3-a261-7cddaba60bd8,,2260034716,active,$12.00,USD,Month,,,,,PayPal,,2025-10-28T21:51:21Z,2025-10-28T21:51:21Z
a498e407-5f9d-4b69-a68b-743b56d9cff4,e2fee89a-4863-42cc-ae1a-47a7a0f93746,,2260467178,canceled,$12.00,USD,Month,,,,,PayPal,,2025-10-28T21:51:21Z,2025-10-28T21:51:21Z
a792caa3-6da9-4759-8358-6e417aac8d81,e8e1cd86-57e0-4dc6-bb97-887f40cdfa3e,,2261489015,active,$33.00,USD,Month,,,,,PayPal,,2025-10-28T21:51:21Z,2025-10-28T21:51:21Z
bc45c396-9fae-4120-ba64-9ae13204d81e,82ae34ff-75d2-4b0d-955d-b687ec065e3b,,2262328407,canceled,$242.00,USD,Year,,,,,PayPal,,2025-10-28T21:51:21Z,2025-10-28T21:51:21Z
1f77290e-105c-44d6-b946-afb57fc99eab,cee747c4-a90c-445d-9cc3-deefc7595cbd,,2262364714,active,$12.00,USD,Month,,,,,PayPal,,2025-10-28T21:51:21Z,2025-10-28T21:51:21Z
71729290-0e9e-4dcd-9481-57ba3e010013,22fc956b-91f6-4086-a462-3b7a20c91eab,,2263141123,active,$12.00,USD,Month,,,,,PayPal,,2025-10-28T21:51:21Z,2025-10-28T21:51:21Z
7c8eaf4b-013d-4c34-9b36-9ae17bcc9285,1d286806-a0e1-4317-abf0-ae6a15baa0a1,,2263186214,canceled,$12.00,USD,Month,,,,,PayPal,,2025-10-28T21:51:21Z,2025-10-28T21:51:21Z
8f654f79-a399-4b8d-aadc-268f3884371f,8cb90e7c-c97f-49de-ac3c-fa31e42ab9be,,2264706698,active,$55.00,USD,Month,,,,,PayPal,,2025-10-28T21:51:21Z,2025-10-28T21:51:21Z
8f080478-aec3-411a-b9bc-5cd58ad9a20d,921562ea-2a47-4782-baa7-a07ef7df0989,,2265546234,active,$22.00,USD,Month,,,,,PayPal,,2025-10-28T21:51:21Z,2025-10-28T21:51:21Z
4a2ef732-6d04-4964-aae1-e701dfe324c4,f33c34b3-8d9e-423b-9410-b5a08c697c32,,2265548184,active,$12.00,USD,Month,,,,,PayPal,,2025-10-28T21:51:21Z,2025-10-28T21:51:21Z
255a9286-c5a7-4c95-9780-509719700c8e,88327793-ba22-43b7-a019-d2d6d86f3802,,2265720965,active,$12.00,USD,Month,,,,,PayPal,,2025-10-28T21:51:21Z,2025-10-28T21:51:21Z
665ef4dc-3d12-48f3-b077-ee86959474fa,dec88f19-c809-4935-987f-b5ce0f1a4518,,2265844983,active,$242.00,USD,Year,,,,,PayPal,,2025-10-28T21:51:21Z,2025-10-28T21:51:21Z
33460c11-09ce-42ae-b634-5a93f80e84ec,4ae5a309-1223-4755-879b-fb1136b51a29,,2267536431,active,$99.00,USD,Month,,,,,PayPal,,2025-10-28T21:51:21Z,2025-10-28T21:51:21Z
6392f774-c0b7-4bd8-9900-4e91884e1b26,f9aac0f2-75d6-4230-b712-416b731c297f,,2268218512,active,$12.00,USD,Month,,,,,PayPal,,2025-10-28T21:51:21Z,2025-10-28T21:51:21Z
b8637140-5ef2-4ed2-952d-24f8963f8c6f,ed21ada1-fbeb-48b4-87a5-0ce7b1c7b4a8,,2268807674,active,$22.00,USD,Month,,,,,PayPal,,2025-10-28T21:51:21Z,2025-10-28T21:51:21Z
200c5e88-9e11-4cb1-8ae0-98ab73bb2101,6211f8e5-7fb2-4cc5-b9aa-aecc18470cd6,,2269480712,active,$12.00,USD,Month,,,,,PayPal,,2025-10-28T21:51:21Z,2025-10-28T21:51:21Z
1d051be3-1a31-48c3-8a80-0869793b002b,a76f65d5-4135-4637-a670-671e8f6a2493,,2269535961,canceled,$12.00,USD,Month,,,,,PayPal,,2025-10-28T21:51:21Z,2025-10-28T21:51:21Z
4647af25-858d-42f8-9d3e-5a553edf56ca,fcbaa4b2-cab6-4c02-bf6c-e37ab021ea3a,,2270133478,active,$242.00,USD,Year,,,,,PayPal,,2025-10-28T21:51:21Z,2025-10-28T21:51:21Z
05e0bb4a-9b07-4969-b473-16df01096981,dea94bb4-c01a-4ca8-b49b-cf42302c2467,,2270554148,active,$242.00,USD,Year,,,,,PayPal,,2025-10-28T21:51:21Z,2025-10-28T21:51:21Z
abb21998-e2a5-4e05-b591-4a85e7858b79,a585ca73-91f0-4d4d-a0bd-a9d3db511d01,,2270675971,active,$44.00,USD,Month,,,,,PayPal,,2025-10-28T21:51:21Z,2025-10-28T21:51:21Z
4d856393-06b8-4145-8eb5-bf5c59a02e6c,32c7bbb5-e38d-49d3-bddd-1688e61b16a6,,2270732722,canceled,$33.00,USD,Month,,,,,PayPal,,2025-10-28T21:51:21Z,2025-10-28T21:51:21Z
69c85fae-a4d9-4f08-9af5-c492fe0cc24e,7810b0e6-dbfa-47d3-8c3f-151b7976197d,,2270734580,active,$33.00,USD,Month,,,,,PayPal,,2025-10-28T21:51:21Z,2025-10-28T21:51:21Z
819ed17f-730c-46de-9d2a-7466183d183e,bf31595c-f835-407e-9550-72a96e294686,,2271066508,active,$144.00,USD,Year,,,,,PayPal,,2025-10-28T21:51:21Z,2025-10-28T21:51:21Z
cb03e0f0-e075-4e8c-94c3-ca676e40494f,331a775d-9823-4426-8180-fa085b37ef42,,2271415099,active,$33.00,USD,Month,,,,,PayPal,,2025-10-28T21:51:21Z,2025-10-28T21:51:21Z
8e8416f1-8880-459b-bc27-1eb0cc2f2229,779afe68-d70a-42f2-a1a4-13fbf56a09d2,,2271726099,canceled,$22.00,USD,Month,,,,,PayPal,,2025-10-28T21:51:21Z,2025-10-28T21:51:21Z
29c442fc-867a-414a-84a6-da0539641b67,32c7bbb5-e38d-49d3-bddd-1688e61b16a6,,2272117696,canceled,$33.00,USD,Month,,,,,PayPal,,2025-10-28T21:51:21Z,2025-10-28T21:51:21Z
87cba791-6848-47b5-a1f8-30e5c10c4e27,d9535838-3644-468c-ba4e-01e597e060fe,,2272147048,active,$12.00,USD,Month,,,,,PayPal,,2025-10-28T21:51:21Z,2025-10-28T21:51:21Z
898098a3-53fe-4746-8e0a-3985ac76f2cd,45841235-ccf3-48ca-aecd-4707426a8462,,2272890070,canceled,$22.00,USD,Month,,,,,PayPal,,2025-10-28T21:51:21Z,2025-10-28T21:51:21Z
e0bb157c-7f5c-460e-a959-d9a0fcd95852,32c7bbb5-e38d-49d3-bddd-1688e61b16a6,,2272966008,active,$33.00,USD,Month,,,,,PayPal,,2025-10-28T21:51:21Z,2025-10-28T21:51:21Z
2df2928d-ed0e-4693-bb05-1f5304088941,1568011e-92a2-4e6a-8c95-2398394ed901,,2272981178,active,$12.00,USD,Month,,,,,PayPal,,2025-10-28T21:51:21Z,2025-10-28T21:51:21Z
d43d331b-e4b6-4156-adda-9a8776e5506f,45841235-ccf3-48ca-aecd-4707426a8462,,2273010651,active,$22.00,USD,Month,,,,,PayPal,,2025-10-28T21:51:21Z,2025-10-28T21:51:21Z
3b3dd15f-eefc-4732-b447-5ff86dd4b332,6f5c0d40-f470-4c95-98e3-1457956f4886,,2273969961,active,$12.00,USD,Month,,,,,PayPal,,2025-10-28T21:51:21Z,2025-10-28T21:51:21Z
e288b245-c702-4faa-bd91-c75dba43d836,1d286806-a0e1-4317-abf0-ae6a15baa0a1,,2274241423,active,$22.00,USD,Month,,,,,PayPal,,2025-10-28T21:51:21Z,2025-10-28T21:51:21Z
94b0240b-e8ea-4ef3-83fc-6a9b2a9dcda7,779afe68-d70a-42f2-a1a4-13fbf56a09d2,,2275245784,active,$33.00,USD,Month,,,,,PayPal,,2025-10-28T21:51:21Z,2025-10-28T21:51:21Z
77d9ca3c-9843-40c3-bd5f-da58a2f6bed3,abc50c05-03aa-4f95-8c05-295c3a5068ab,,2276551660,active,$55.00,USD,Month,,,,,PayPal,,2025-10-28T21:51:21Z,2025-10-28T21:51:21Z
